,frequency,probability,IC
GO:0035869,3,3.0143347165943134e-12,26.52764196794392
GO:0001725,13,1.3062117105242025e-11,25.061304899150496
GO:0005925,27,2.7129012449348823e-11,24.330417390607703
GO:0004535,3,3.0143347165943134e-12,26.52764196794392
GO:0005737,4041,4.060308863252541e-09,19.322006791533557
GO:0000781,44,4.421024251004993e-11,23.842064622693773
GO:0003690,8586,8.627025958892925e-09,18.568366007827528
GO:0062023,164,1.6478363117382247e-10,22.526387828787833
GO:0005886,607,6.099003909909161e-10,21.217725465552533
GO:0000922,15,1.507167358297157e-11,24.918204055509822
GO:0005874,158,1.5875496174063385e-10,22.563659223585066
GO:0005876,12,1.2057338866377254e-11,25.14134760682403
GO:0003954,8,8.038225910918169e-12,25.546812714932198
GO:0008137,11,1.1052560627512483e-11,25.228358983813663
GO:0001046,5,5.023891194323856e-12,26.016816344177933
GO:0016251,29,2.9138568927078365e-11,24.258958426625558
GO:0000977,64,6.430580728734535e-11,23.46737117325236
GO:0001228,8,8.038225910918169e-12,25.546812714932198
GO:0003743,63,6.330102904848059e-11,23.4831195302205
GO:0005245,21,2.1100343016160196e-11,24.58173181888861
GO:0008331,5,5.023891194323856e-12,26.016816344177933
GO:0034604,5,5.023891194323856e-12,26.016816344177933
GO:0015630,1767,1.7754431480740508e-09,20.149215784292338
GO:0097431,4,4.0191129554590846e-12,26.23995989549214
GO:1990023,1,1.0047782388647711e-12,27.626254256612032
GO:0072686,11,1.1052560627512483e-11,25.228358983813663
GO:0099073,2,2.0095564777295423e-12,26.93310707605209
GO:0005856,23156,2.3266644899152643e-08,17.57624505141314
GO:0030864,16,1.6076451821836338e-11,24.85366553437225
GO:0005794,46,4.6219798987779476e-11,23.797612860122936
GO:0004842,51,5.1243690182103333e-11,23.694428623887706
GO:0098592,2,2.0095564777295423e-12,26.93310707605209
GO:0030136,5,5.023891194323856e-12,26.016816344177933
GO:0015185,1,1.0047782388647711e-12,27.626254256612032
GO:0016605,18,1.808600829956588e-11,24.735882498715867
GO:0005096,13,1.3062117105242025e-11,25.061304899150496
GO:0005634,1069,1.0741079373464404e-09,20.651775345586987
GO:0005829,5,5.023891194323856e-12,26.016816344177933
GO:0045202,78,7.837270263145215e-11,23.26954542992244
GO:0005604,1,1.0047782388647711e-12,27.626254256612032
GO:0005813,30,3.014334716594314e-11,24.22505687494988
GO:0005912,3,3.0143347165943134e-12,26.52764196794392
GO:0051015,16,1.6076451821836338e-11,24.85366553437225
GO:0004758,8,8.038225910918169e-12,25.546812714932198
GO:0000400,12,1.2057338866377254e-11,25.14134760682403
GO:0005881,13,1.3062117105242025e-11,25.061304899150496
GO:0005730,4,4.0191129554590846e-12,26.23995989549214
GO:0005635,14,1.4066895344106796e-11,24.987196926996774
GO:0050421,3,3.0143347165943134e-12,26.52764196794392
GO:0003923,1,1.0047782388647711e-12,27.626254256612032
GO:0034235,3,3.0143347165943134e-12,26.52764196794392
GO:0032977,22,2.2105121255024965e-11,24.535211803253716
GO:0008821,7,7.033447672053398e-12,25.68034410755672
GO:0005085,36,3.617201659913176e-11,24.042735318155923
GO:0060090,27,2.7129012449348823e-11,24.330417390607703
GO:0005739,34,3.416246012140222e-11,24.09989373199587
GO:0005759,6,6.028669433188627e-12,25.834494787383978
GO:0015629,108,1.0851604979739529e-10,22.944123029487812
GO:1990050,4,4.0191129554590846e-12,26.23995989549214
GO:0030663,3,3.0143347165943134e-12,26.52764196794392
GO:0004679,1,1.0047782388647711e-12,27.626254256612032
GO:0032588,1,1.0047782388647711e-12,27.626254256612032
GO:0003723,25,2.511945597161928e-11,24.407378431743833
GO:0034511,1,1.0047782388647711e-12,27.626254256612032
GO:0043596,2,2.0095564777295423e-12,26.93310707605209
GO:0042393,5,5.023891194323856e-12,26.016816344177933
GO:0005262,69,6.932969848166921e-11,23.392147752014772
GO:0004972,5,5.023891194323856e-12,26.016816344177933
GO:0005811,6,6.028669433188627e-12,25.834494787383978
GO:0000776,24,2.4114677732754508e-11,24.448200426264087
GO:0005261,2596,2.608404308092946e-09,19.76452717878805
GO:0005267,230,2.3109899493889736e-10,22.188174947688836
GO:0015272,2,2.0095564777295423e-12,26.93310707605209
GO:0022857,73875953,7.422894994979661e-05,9.508356322835498
GO:0003720,23,2.3109899493889738e-11,24.490760040682883
GO:0005764,21,2.1100343016160196e-11,24.58173181888861
GO:0003684,10,1.0047782388647711e-11,25.323669163617986
GO:0005901,11,1.1052560627512483e-11,25.228358983813663
GO:0030315,1,1.0047782388647711e-12,27.626254256612032
GO:0031965,2,2.0095564777295423e-12,26.93310707605209
GO:0005884,21,2.1100343016160196e-11,24.58173181888861
GO:0001917,3,3.0143347165943134e-12,26.52764196794392
GO:0032391,2,2.0095564777295423e-12,26.93310707605209
GO:0043025,4,4.0191129554590846e-12,26.23995989549214
GO:0043195,1,1.0047782388647711e-12,27.626254256612032
GO:0001227,3,3.0143347165943134e-12,26.52764196794392
GO:0005125,5,5.023891194323856e-12,26.016816344177933
GO:0005127,2,2.0095564777295423e-12,26.93310707605209
GO:0004402,107,1.0751127155853051e-10,22.953425422150126
GO:0005769,8,8.038225910918169e-12,25.546812714932198
GO:0003677,61757,6.205208969757168e-08,16.59529164822272
GO:0003700,79,7.937748087031693e-11,23.25680640414501
GO:0004526,13,1.3062117105242025e-11,25.061304899150496
GO:0000171,1,1.0047782388647711e-12,27.626254256612032
GO:0050567,2,2.0095564777295423e-12,26.93310707605209
GO:0004965,2,2.0095564777295423e-12,26.93310707605209
GO:0003689,13,1.3062117105242025e-11,25.061304899150496
GO:0046933,27,2.7129012449348823e-11,24.330417390607703
GO:0004176,1,1.0047782388647711e-12,27.626254256612032
GO:0032587,10,1.0047782388647711e-11,25.323669163617986
GO:0005254,30,3.014334716594314e-11,24.22505687494988
GO:0043022,8,8.038225910918169e-12,25.546812714932198
GO:0005819,114,1.1454471923058391e-10,22.890055808217536
GO:0031492,16,1.6076451821836338e-11,24.85366553437225
GO:0097427,2,2.0095564777295423e-12,26.93310707605209
GO:0008320,6,6.028669433188627e-12,25.834494787383978
GO:0005905,3,3.0143347165943134e-12,26.52764196794392
GO:0035615,5,5.023891194323856e-12,26.016816344177933
GO:0035861,3,3.0143347165943134e-12,26.52764196794392
GO:0016607,1,1.0047782388647711e-12,27.626254256612032
GO:0036408,6,6.028669433188627e-12,25.834494787383978
GO:0043995,7,7.033447672053398e-12,25.68034410755672
GO:0043996,7,7.033447672053398e-12,25.68034410755672
GO:0043997,6,6.028669433188627e-12,25.834494787383978
GO:0005789,9,9.04300414978294e-12,25.429029679275814
GO:1901588,1,1.0047782388647711e-12,27.626254256612032
GO:0009897,12,1.2057338866377254e-11,25.14134760682403
GO:0005938,53,5.325324665983287e-11,23.65596234305991
GO:0016324,4,4.0191129554590846e-12,26.23995989549214
GO:0019209,3,3.0143347165943134e-12,26.52764196794392
GO:0000976,424,4.26025973278663e-10,21.576520801380074
GO:0030366,4,4.0191129554590846e-12,26.23995989549214
GO:0004129,5,5.023891194323856e-12,26.016816344177933
GO:0005768,26,2.612423421048405e-11,24.36815771859055
GO:0005006,1,1.0047782388647711e-12,27.626254256612032
GO:0005902,2,2.0095564777295423e-12,26.93310707605209
GO:0004911,3,3.0143347165943134e-12,26.52764196794392
GO:0003697,12,1.2057338866377254e-11,25.14134760682403
GO:0031210,2,2.0095564777295423e-12,26.93310707605209
GO:0034987,6,6.028669433188627e-12,25.834494787383978
GO:0042834,2,2.0095564777295423e-12,26.93310707605209
GO:0003779,19,1.9090786538430653e-11,24.68181527744559
GO:0120020,5,5.023891194323856e-12,26.016816344177933
GO:0005102,58,5.827713785415673e-11,23.565811246065614
GO:0050839,2,2.0095564777295423e-12,26.93310707605209
GO:0015464,6,6.028669433188627e-12,25.834494787383978
GO:0022848,5,5.023891194323856e-12,26.016816344177933
GO:0042166,1,1.0047782388647711e-12,27.626254256612032
GO:0019825,1,1.0047782388647711e-12,27.626254256612032
GO:0019838,23,2.3109899493889738e-11,24.490760040682883
GO:0016604,21,2.1100343016160196e-11,24.58173181888861
GO:0009055,18,1.808600829956588e-11,24.735882498715867
GO:0016175,2,2.0095564777295423e-12,26.93310707605209
GO:0004579,3,3.0143347165943134e-12,26.52764196794392
GO:0017134,2,2.0095564777295423e-12,26.93310707605209
GO:0019960,5,5.023891194323856e-12,26.016816344177933
GO:0031994,3,3.0143347165943134e-12,26.52764196794392
GO:0038132,3,3.0143347165943134e-12,26.52764196794392
GO:0070051,1,1.0047782388647711e-12,27.626254256612032
GO:0038024,2,2.0095564777295423e-12,26.93310707605209
GO:0005515,601,6.038717215577275e-10,21.227659322076825
GO:0005138,3,3.0143347165943134e-12,26.52764196794392
GO:0043236,1,1.0047782388647711e-12,27.626254256612032
GO:0031981,221,2.2205599078911444e-10,22.22809155509428
GO:0045121,20,2.0095564777295423e-11,24.630521983058042
GO:0009986,15,1.507167358297157e-11,24.918204055509822
GO:0001846,1,1.0047782388647711e-12,27.626254256612032
GO:0005080,1,1.0047782388647711e-12,27.626254256612032
GO:0097413,1,1.0047782388647711e-12,27.626254256612032
GO:0004656,1,1.0047782388647711e-12,27.626254256612032
GO:0031410,310,3.1148125404807905e-10,21.88968195913284
GO:0000014,4,4.0191129554590846e-12,26.23995989549214
GO:1990599,2,2.0095564777295423e-12,26.93310707605209
GO:0004739,2,2.0095564777295423e-12,26.93310707605209
GO:0005911,25,2.511945597161928e-11,24.407378431743833
GO:0004252,2,2.0095564777295423e-12,26.93310707605209
GO:0000139,2,2.0095564777295423e-12,26.93310707605209
GO:0004897,8,8.038225910918169e-12,25.546812714932198
GO:0004915,4,4.0191129554590846e-12,26.23995989549214
GO:0047101,4,4.0191129554590846e-12,26.23995989549214
GO:0017116,16,1.6076451821836338e-11,24.85366553437225
GO:0098575,1,1.0047782388647711e-12,27.626254256612032
GO:0016020,9321,9.365537964458532e-09,18.486229058550876
GO:0001772,2,2.0095564777295423e-12,26.93310707605209
GO:0005930,6,6.028669433188627e-12,25.834494787383978
GO:0071944,7925,7.962867543003311e-09,18.64847665786655
GO:0030139,6,6.028669433188627e-12,25.834494787383978
GO:0000228,9,9.04300414978294e-12,25.429029679275814
GO:0005814,5,5.023891194323856e-12,26.016816344177933
GO:0070644,3,3.0143347165943134e-12,26.52764196794392
GO:0016328,2,2.0095564777295423e-12,26.93310707605209
GO:0003863,5,5.023891194323856e-12,26.016816344177933
GO:0003691,2,2.0095564777295423e-12,26.93310707605209
GO:0045027,2,2.0095564777295423e-12,26.93310707605209
GO:0051575,1,1.0047782388647711e-12,27.626254256612032
GO:0070888,7,7.033447672053398e-12,25.68034410755672
GO:0098857,41,4.119590779345562e-11,23.912682189907724
GO:0051380,1,1.0047782388647711e-12,27.626254256612032
GO:0016917,14,1.4066895344106796e-11,24.987196926996774
GO:0022851,3,3.0143347165943134e-12,26.52764196794392
GO:0008503,9,9.04300414978294e-12,25.429029679275814
GO:0004890,10,1.0047782388647711e-11,25.323669163617986
GO:0005741,1,1.0047782388647711e-12,27.626254256612032
GO:0005249,55,5.526280313756242e-11,23.61892107137956
GO:0005251,18,1.808600829956588e-11,24.735882498715867
GO:0086008,11,1.1052560627512483e-11,25.228358983813663
GO:1902282,7,7.033447672053398e-12,25.68034410755672
GO:0005882,15,1.507167358297157e-11,24.918204055509822
GO:0004896,35,3.516723836026699e-11,24.070906195122618
GO:0030027,2,2.0095564777295423e-12,26.93310707605209
GO:0030054,1157,1.1625284223665403e-09,20.572668529418355
GO:0036122,1,1.0047782388647711e-12,27.626254256612032
GO:0050431,9,9.04300414978294e-12,25.429029679275814
GO:0003872,1,1.0047782388647711e-12,27.626254256612032
GO:0042584,2,2.0095564777295423e-12,26.93310707605209
GO:0032357,5,5.023891194323856e-12,26.016816344177933
GO:0030983,41,4.119590779345562e-11,23.912682189907724
GO:0032139,4,4.0191129554590846e-12,26.23995989549214
GO:0032142,3,3.0143347165943134e-12,26.52764196794392
GO:0032181,2,2.0095564777295423e-12,26.93310707605209
GO:0005654,64,6.430580728734535e-11,23.46737117325236
GO:0061628,2,2.0095564777295423e-12,26.93310707605209
GO:0005765,3,3.0143347165943134e-12,26.52764196794392
GO:0010008,1,1.0047782388647711e-12,27.626254256612032
GO:0030057,1,1.0047782388647711e-12,27.626254256612032
GO:0030867,1,1.0047782388647711e-12,27.626254256612032
GO:0044194,2,2.0095564777295423e-12,26.93310707605209
GO:0005518,4,4.0191129554590846e-12,26.23995989549214
GO:0000978,18,1.808600829956588e-11,24.735882498715867
GO:0005783,55,5.526280313756242e-11,23.61892107137956
GO:0001055,12,1.2057338866377254e-11,25.14134760682403
GO:0035173,1,1.0047782388647711e-12,27.626254256612032
GO:0017002,4,4.0191129554590846e-12,26.23995989549214
GO:0048185,2,2.0095564777295423e-12,26.93310707605209
GO:0000981,17,1.708123006070111e-11,24.793040912555817
GO:0004879,2,2.0095564777295423e-12,26.93310707605209
GO:0005790,2,2.0095564777295423e-12,26.93310707605209
GO:0008094,150,1.5071673582971567e-10,22.615618962515775
GO:0140658,1,1.0047782388647711e-12,27.626254256612032
GO:0008083,3,3.0143347165943134e-12,26.52764196794392
GO:0005143,4,4.0191129554590846e-12,26.23995989549214
GO:0045519,2,2.0095564777295423e-12,26.93310707605209
GO:0005524,5,5.023891194323856e-12,26.016816344177933
GO:0043531,3,3.0143347165943134e-12,26.52764196794392
GO:0035371,10,1.0047782388647711e-11,25.323669163617986
GO:0044354,1,1.0047782388647711e-12,27.626254256612032
GO:0000104,1,1.0047782388647711e-12,27.626254256612032
GO:0004913,1,1.0047782388647711e-12,27.626254256612032
GO:0004917,1,1.0047782388647711e-12,27.626254256612032
GO:0004912,1,1.0047782388647711e-12,27.626254256612032
GO:0004914,1,1.0047782388647711e-12,27.626254256612032
GO:0003678,45,4.5215020748914703e-11,23.81959176684171
GO:0000146,3,3.0143347165943134e-12,26.52764196794392
GO:0005802,8,8.038225910918169e-12,25.546812714932198
GO:0016323,2,2.0095564777295423e-12,26.93310707605209
GO:0048471,8,8.038225910918169e-12,25.546812714932198
GO:0016887,4,4.0191129554590846e-12,26.23995989549214
GO:0005024,1,1.0047782388647711e-12,27.626254256612032
GO:0015280,3,3.0143347165943134e-12,26.52764196794392
GO:0031092,1,1.0047782388647711e-12,27.626254256612032
GO:0004923,4,4.0191129554590846e-12,26.23995989549214
GO:0004924,5,5.023891194323856e-12,26.016816344177933
GO:0019981,2,2.0095564777295423e-12,26.93310707605209
GO:0032407,2,2.0095564777295423e-12,26.93310707605209
GO:0005657,3,3.0143347165943134e-12,26.52764196794392
GO:0004596,1,1.0047782388647711e-12,27.626254256612032
GO:0016407,7105,7.138949387134199e-09,18.75770021608083
GO:0004971,1,1.0047782388647711e-12,27.626254256612032
GO:0016517,1,1.0047782388647711e-12,27.626254256612032
GO:0042019,3,3.0143347165943134e-12,26.52764196794392
GO:0042020,2,2.0095564777295423e-12,26.93310707605209
GO:0031252,62,6.229625080961581e-11,23.49911987156694
GO:0000287,2,2.0095564777295423e-12,26.93310707605209
GO:0032137,4,4.0191129554590846e-12,26.23995989549214
GO:0032143,2,2.0095564777295423e-12,26.93310707605209
GO:0032405,2,2.0095564777295423e-12,26.93310707605209
GO:0005523,1,1.0047782388647711e-12,27.626254256612032
GO:0000793,30,3.014334716594314e-11,24.22505687494988
GO:0070938,2,2.0095564777295423e-12,26.93310707605209
GO:0016594,1,1.0047782388647711e-12,27.626254256612032
GO:0016934,1,1.0047782388647711e-12,27.626254256612032
GO:0004357,1,1.0047782388647711e-12,27.626254256612032
GO:0005242,7,7.033447672053398e-12,25.68034410755672
GO:0045095,5,5.023891194323856e-12,26.016816344177933
GO:0004660,4,4.0191129554590846e-12,26.23995989549214
GO:0004662,2,2.0095564777295423e-12,26.93310707605209
GO:0031616,2,2.0095564777295423e-12,26.93310707605209
GO:0032541,1,1.0047782388647711e-12,27.626254256612032
GO:0030426,3,3.0143347165943134e-12,26.52764196794392
GO:0005770,7,7.033447672053398e-12,25.68034410755672
GO:0001164,3,3.0143347165943134e-12,26.52764196794392
GO:0042383,3,3.0143347165943134e-12,26.52764196794392
GO:0086007,5,5.023891194323856e-12,26.016816344177933
GO:0086057,1,1.0047782388647711e-12,27.626254256612032
GO:0030515,3,3.0143347165943134e-12,26.52764196794392
GO:0030018,2,2.0095564777295423e-12,26.93310707605209
GO:0017176,2,2.0095564777295423e-12,26.93310707605209
GO:0005576,3,3.0143347165943134e-12,26.52764196794392
GO:0030674,9,9.04300414978294e-12,25.429029679275814
GO:0031982,19687,1.978106918853075e-08,17.738540458191945
GO:0005929,32,3.2152903643672677e-11,24.160518353812307
GO:0003924,2,2.0095564777295423e-12,26.93310707605209
GO:0032154,5,5.023891194323856e-12,26.016816344177933
GO:0005828,2,2.0095564777295423e-12,26.93310707605209
GO:0005049,1,1.0047782388647711e-12,27.626254256612032
GO:0070883,4,4.0191129554590846e-12,26.23995989549214
GO:0004674,35,3.516723836026699e-11,24.070906195122618
GO:0005219,1,1.0047782388647711e-12,27.626254256612032
GO:0004601,11,1.1052560627512483e-11,25.228358983813663
GO:0031720,11,1.1052560627512483e-11,25.228358983813663
GO:0003867,1,1.0047782388647711e-12,27.626254256612032
GO:0008021,2,2.0095564777295423e-12,26.93310707605209
GO:1904680,2,2.0095564777295423e-12,26.93310707605209
GO:0016361,1,1.0047782388647711e-12,27.626254256612032
GO:0004622,1,1.0047782388647711e-12,27.626254256612032
GO:0097443,1,1.0047782388647711e-12,27.626254256612032
GO:0009898,4,4.0191129554590846e-12,26.23995989549214
GO:0086056,1,1.0047782388647711e-12,27.626254256612032
GO:0004920,1,1.0047782388647711e-12,27.626254256612032
GO:0036449,8,8.038225910918169e-12,25.546812714932198
GO:0005840,2,2.0095564777295423e-12,26.93310707605209
GO:0005923,3,3.0143347165943134e-12,26.52764196794392
GO:0045334,2,2.0095564777295423e-12,26.93310707605209
GO:0005863,1,1.0047782388647711e-12,27.626254256612032
GO:0031267,6,6.028669433188627e-12,25.834494787383978
GO:0043565,8466,8.506452570229153e-09,18.582440835531163
GO:0019781,2,2.0095564777295423e-12,26.93310707605209
GO:0016362,1,1.0047782388647711e-12,27.626254256612032
GO:0042734,1,1.0047782388647711e-12,27.626254256612032
GO:0045211,8,8.038225910918169e-12,25.546812714932198
GO:0070382,3,3.0143347165943134e-12,26.52764196794392
GO:0008569,2,2.0095564777295423e-12,26.93310707605209
GO:1990518,1,1.0047782388647711e-12,27.626254256612032
GO:0005776,2,2.0095564777295423e-12,26.93310707605209
GO:0030496,10,1.0047782388647711e-11,25.323669163617986
GO:0004721,2,2.0095564777295423e-12,26.93310707605209
GO:0030424,7,7.033447672053398e-12,25.68034410755672
GO:0050508,1,1.0047782388647711e-12,27.626254256612032
GO:0004970,8,8.038225910918169e-12,25.546812714932198
GO:0000987,52,5.22484684209681e-11,23.675010538030605
GO:0000805,2,2.0095564777295423e-12,26.93310707605209
GO:0000795,3,3.0143347165943134e-12,26.52764196794392
GO:0004843,3,3.0143347165943134e-12,26.52764196794392
GO:0005743,4,4.0191129554590846e-12,26.23995989549214
GO:0097269,2,2.0095564777295423e-12,26.93310707605209
GO:0046934,1,1.0047782388647711e-12,27.626254256612032
GO:0000993,2,2.0095564777295423e-12,26.93310707605209
GO:0046972,3,3.0143347165943134e-12,26.52764196794392
GO:0005225,4,4.0191129554590846e-12,26.23995989549214
GO:0031430,2,2.0095564777295423e-12,26.93310707605209
GO:0001726,11,1.1052560627512483e-11,25.228358983813663
GO:0030175,1,1.0047782388647711e-12,27.626254256612032
GO:0098821,1,1.0047782388647711e-12,27.626254256612032
GO:0010494,1,1.0047782388647711e-12,27.626254256612032
GO:0008527,8,8.038225910918169e-12,25.546812714932198
GO:0033041,4,4.0191129554590846e-12,26.23995989549214
GO:0004407,4,4.0191129554590846e-12,26.23995989549214
GO:0008324,31750,3.190170908395648e-08,17.260606252291193
GO:0033040,2,2.0095564777295423e-12,26.93310707605209
GO:0002094,1,1.0047782388647711e-12,27.626254256612032
GO:0045547,1,1.0047782388647711e-12,27.626254256612032
GO:0032437,2,2.0095564777295423e-12,26.93310707605209
GO:1990752,20,2.0095564777295423e-11,24.630521983058042
GO:1905721,1,1.0047782388647711e-12,27.626254256612032
GO:0005253,98,9.846826740874758e-11,23.041286777941462
GO:0032432,14,1.4066895344106796e-11,24.987196926996774
GO:0097649,1,1.0047782388647711e-12,27.626254256612032
GO:0030141,9,9.04300414978294e-12,25.429029679275814
GO:0099617,2,2.0095564777295423e-12,26.93310707605209
GO:0044291,2,2.0095564777295423e-12,26.93310707605209
GO:0036064,4,4.0191129554590846e-12,26.23995989549214
GO:0043296,4,4.0191129554590846e-12,26.23995989549214
GO:0031021,2,2.0095564777295423e-12,26.93310707605209
GO:0097546,2,2.0095564777295423e-12,26.93310707605209
GO:0005793,1,1.0047782388647711e-12,27.626254256612032
GO:0061630,10,1.0047782388647711e-11,25.323669163617986
GO:0046976,1,1.0047782388647711e-12,27.626254256612032
GO:0008408,4,4.0191129554590846e-12,26.23995989549214
GO:0004520,15,1.507167358297157e-11,24.918204055509822
GO:0008375,5,5.023891194323856e-12,26.016816344177933
GO:0050509,1,1.0047782388647711e-12,27.626254256612032
GO:0004659,25,2.511945597161928e-11,24.407378431743833
GO:0015171,25,2.511945597161928e-11,24.407378431743833
GO:0031514,1,1.0047782388647711e-12,27.626254256612032
GO:0004485,9,9.04300414978294e-12,25.429029679275814
GO:0090560,2,2.0095564777295423e-12,26.93310707605209
GO:1990462,1,1.0047782388647711e-12,27.626254256612032
GO:0031674,3,3.0143347165943134e-12,26.52764196794392
GO:0005615,1,1.0047782388647711e-12,27.626254256612032
GO:0003713,3,3.0143347165943134e-12,26.52764196794392
GO:0140684,1,1.0047782388647711e-12,27.626254256612032
GO:0036057,1,1.0047782388647711e-12,27.626254256612032
GO:0008135,64,6.430580728734535e-11,23.46737117325236
GO:0005250,5,5.023891194323856e-12,26.016816344177933
GO:0010485,25,2.511945597161928e-11,24.407378431743833
GO:0043998,1,1.0047782388647711e-12,27.626254256612032
GO:0019948,3,3.0143347165943134e-12,26.52764196794392
GO:0090734,4,4.0191129554590846e-12,26.23995989549214
GO:0001891,2,2.0095564777295423e-12,26.93310707605209
GO:0071953,1,1.0047782388647711e-12,27.626254256612032
GO:0035197,4,4.0191129554590846e-12,26.23995989549214
GO:0061832,1,1.0047782388647711e-12,27.626254256612032
GO:0055037,2,2.0095564777295423e-12,26.93310707605209
GO:0042800,1,1.0047782388647711e-12,27.626254256612032
GO:0005883,1,1.0047782388647711e-12,27.626254256612032
GO:0030673,1,1.0047782388647711e-12,27.626254256612032
GO:0005777,1,1.0047782388647711e-12,27.626254256612032
GO:0001003,1,1.0047782388647711e-12,27.626254256612032
GO:0001002,1,1.0047782388647711e-12,27.626254256612032
GO:0032590,3,3.0143347165943134e-12,26.52764196794392
GO:0030425,10,1.0047782388647711e-11,25.323669163617986
GO:0032809,1,1.0047782388647711e-12,27.626254256612032
GO:0043005,148,1.4870717935198614e-10,22.629041982847916
GO:0043197,2,2.0095564777295423e-12,26.93310707605209
GO:0044297,10,1.0047782388647711e-11,25.323669163617986
GO:0044307,2,2.0095564777295423e-12,26.93310707605209
GO:0097060,10,1.0047782388647711e-11,25.323669163617986
GO:0098793,6,6.028669433188627e-12,25.834494787383978
GO:0098794,11,1.1052560627512483e-11,25.228358983813663
GO:0098978,1,1.0047782388647711e-12,27.626254256612032
GO:0003721,4,4.0191129554590846e-12,26.23995989549214
GO:0003964,48,4.8229355465509015e-11,23.75505324570414
GO:0003968,1,1.0047782388647711e-12,27.626254256612032
GO:0098680,1,1.0047782388647711e-12,27.626254256612032
GO:0002177,3,3.0143347165943134e-12,26.52764196794392
GO:0001054,9,9.04300414978294e-12,25.429029679275814
GO:0001056,10,1.0047782388647711e-11,25.323669163617986
GO:0052717,1,1.0047782388647711e-12,27.626254256612032
GO:0000049,3,3.0143347165943134e-12,26.52764196794392
GO:0003899,33,3.315768188253745e-11,24.129746695145553
GO:0019776,1,1.0047782388647711e-12,27.626254256612032
GO:0001097,1,1.0047782388647711e-12,27.626254256612032
GO:0031491,21,2.1100343016160196e-11,24.58173181888861
GO:0015275,2,2.0095564777295423e-12,26.93310707605209
GO:0004088,2,2.0095564777295423e-12,26.93310707605209
GO:0008289,12,1.2057338866377254e-11,25.14134760682403
GO:0043138,3,3.0143347165943134e-12,26.52764196794392
GO:0051011,5,5.023891194323856e-12,26.016816344177933
GO:0003887,2,2.0095564777295423e-12,26.93310707605209
GO:0004663,2,2.0095564777295423e-12,26.93310707605209
GO:0004577,1,1.0047782388647711e-12,27.626254256612032
GO:0008017,6,6.028669433188627e-12,25.834494787383978
GO:0030627,1,1.0047782388647711e-12,27.626254256612032
GO:0008121,1,1.0047782388647711e-12,27.626254256612032
GO:1990238,1,1.0047782388647711e-12,27.626254256612032
GO:0004591,1,1.0047782388647711e-12,27.626254256612032
GO:0004826,1,1.0047782388647711e-12,27.626254256612032
GO:0110165,8632537621,0.00867378594776226,4.7474499113276565
GO:0005575,995244484126,1.0,-0.0
GO:0120025,1169,1.1745857612329176e-09,20.562350295139964
GO:0043227,516593,5.190614047498687e-07,14.471243647195461
GO:0042995,9868,9.915151661117562e-09,18.429201778962785
GO:0043226,156327435,0.000157074404825547,8.758790948792441
GO:0097517,13,1.3062117105242025e-11,25.061304899150496
GO:0042641,13,1.3062117105242025e-11,25.061304899150496
GO:0043232,243618,2.447820649957578e-07,15.22289755289839
GO:0043229,3744547,3.7624393400063622e-06,12.49044305027669
GO:0043228,3351524,3.3675383822330133e-06,12.601328530884825
GO:0005622,99810923,0.00010028784343140729,9.207466072421639
GO:0030055,27,2.7129012449348823e-11,24.330417390607703
GO:0070161,163,1.637788529349577e-10,22.53250405580527
GO:0000175,3,3.0143347165943134e-12,26.52764196794392
GO:0016896,3,3.0143347165943134e-12,26.52764196794392
GO:0004527,14,1.4066895344106796e-11,24.987196926996774
GO:0004532,3,3.0143347165943134e-12,26.52764196794392
GO:0016796,3,3.0143347165943134e-12,26.52764196794392
GO:0004540,43,4.320546427118516e-11,23.86505414091847
GO:0004518,759,7.626266832983614e-10,20.994252479216403
GO:0140098,639,6.420532946345888e-10,21.166349802234496
GO:0016788,3112,3.126869879347168e-09,19.58323337131375
GO:0016787,14696,1.4766220998356677e-08,18.03092362971707
GO:0140640,10417,1.0466774914254322e-08,18.375059890627583
GO:0003824,5379056,5.404758414434981e-06,12.128230804553809
GO:0003674,20634931011,0.02073352964032863,3.876003099766883
GO:0098687,68,6.832492024280444e-11,23.406746551435926
GO:0005694,233,2.341133296554917e-10,22.17521580304633
GO:0003676,253348,2.5455855725991204e-07,15.183734939956622
GO:0097159,2595397,2.6077984268149103e-06,12.857004207218626
GO:0005488,22636721,2.274488466005318e-05,10.691170287957442
GO:0031012,328,3.2956726234764495e-10,21.83324064822789
GO:0030312,818,8.219085993913828e-10,20.919391920009286
GO:0099513,911,9.153529756058066e-10,20.811711359352074
GO:0099512,5376,5.40168781213701e-09,19.036554374409047
GO:0099081,39632,3.982137116268861e-08,17.03886210488289
GO:0099080,240341,2.4148940670699796e-07,15.236440229383158
GO:0016651,21,2.1100343016160196e-11,24.58173181888861
GO:0016491,221,2.2205599078911444e-10,22.22809155509428
GO:0022853,17,1.708123006070111e-11,24.793040912555817
GO:0015078,44,4.421024251004993e-11,23.842064622693773
GO:0016655,11,1.1052560627512483e-11,25.228358983813663
GO:0015453,17,1.708123006070111e-11,24.793040912555817
GO:0022804,126,1.2660205809696117e-10,22.789972349660555
GO:0015075,601054,6.039259795826262e-07,14.319814196881396
GO:0022890,14548,1.461751381900469e-08,18.041045450505152
GO:0015399,44,4.421024251004993e-11,23.842064622693773
GO:0015318,83259,8.365683138964199e-08,16.296542746504496
GO:0005215,1330760078,0.0013371187675243856,6.617238153450545
GO:1990837,1934,1.9432411139644676e-09,20.058908580598793
GO:0001067,1933,1.942236335725603e-09,20.0594257774037
GO:0140223,29,2.9138568927078365e-11,24.258958426625558
GO:0001216,8,8.038225910918169e-12,25.546812714932198
GO:0140110,259,2.6023756386597574e-10,22.069426194912495
GO:0090079,128,1.286116145746907e-10,22.774223992692416
GO:0045182,192,1.9291742186203606e-10,22.36875888458425
GO:0022843,290,2.913856892707836e-10,21.95637333363151
GO:0015085,298,2.994239151817018e-10,21.929160770106627
GO:0005244,1491,1.498124354147374e-09,20.319051941847295
GO:0005216,26362,2.6487963932953098e-08,17.446575398339622
GO:0022832,5869,5.8970434838973424e-09,18.948814716053697
GO:0046873,2719,2.731992031473313e-09,19.71823481197956
GO:0015267,566529,5.692360108858199e-07,14.378970706945156
GO:0022836,39727,3.991682509538077e-08,17.036467920344798
GO:0022803,6546894,6.578176623354337e-06,11.931752959941532
GO:0034603,5,5.023891194323856e-12,26.016816344177933
GO:0016620,9,9.04300414978294e-12,25.429029679275814
GO:0004738,7,7.033447672053398e-12,25.68034410755672
GO:0016903,43,4.320546427118516e-11,23.86505414091847
GO:0051233,1,1.0047782388647711e-12,27.626254256612032
GO:0097708,2759,2.7721831610279037e-09,19.703630682394746
GO:0043231,24638,2.4755726249150234e-08,17.514209011090113
GO:0030863,30,3.014334716594314e-11,24.22505687494988
GO:0012505,540,5.425802489869764e-10,21.334685117053713
GO:0019787,113,1.1353994099171915e-10,22.89886643789969
GO:0140096,4271,4.2914078581914376e-09,19.266650985770564
GO:0016755,256,2.572232291493814e-10,22.08107681213247
GO:0016746,76967,7.733476671070484e-08,16.375122219067766
GO:0016740,327370,3.2893425205716015e-07,14.927407947923616
GO:0098562,8,8.038225910918169e-12,25.546812714932198
GO:0098590,86,8.641092854237032e-11,23.171906960358523
GO:0045177,8,8.038225910918169e-12,25.546812714932198
GO:0098552,28,2.8133790688213592e-11,24.29404974643683
GO:0030135,14,1.4066895344106796e-11,24.987196926996774
GO:0008028,1,1.0047782388647711e-12,27.626254256612032
GO:0046943,24,2.4114677732754508e-11,24.448200426264087
GO:0008514,49,4.923413370437379e-11,23.734433958501405
GO:0005342,49,4.923413370437379e-11,23.734433958501405
GO:0070013,1038,1.0429598119416324e-09,20.681203192886198
GO:0043233,3639,3.656388011228902e-09,19.426790058999874
GO:0031974,10809,1.0860647983889312e-08,18.338119857195828
GO:0008047,16,1.6076451821836338e-11,24.85366553437225
GO:0030695,49,4.923413370437379e-11,23.734433958501405
GO:0030234,107,1.0751127155853051e-10,22.953425422150126
GO:0140677,47,4.722457722664425e-11,23.776106654901973
GO:0060589,62,6.229625080961581e-11,23.49911987156694
GO:0098772,382,3.838252872463426e-10,21.680833648005457
GO:0005815,69,6.932969848166921e-11,23.392147752014772
GO:0044877,133,1.3363550576901456e-10,22.73590512839028
GO:0008092,57,5.727235961529196e-11,23.583202988777483
GO:0016454,8,8.038225910918169e-12,25.546812714932198
GO:0016408,8,8.038225910918169e-12,25.546812714932198
GO:0016409,8,8.038225910918169e-12,25.546812714932198
GO:0016747,33156,3.331442728780035e-08,17.217275281900616
GO:0000217,12,1.2057338866377254e-11,25.14134760682403
GO:0031967,51,5.1243690182103333e-11,23.694428623887706
GO:0098809,3,3.0143347165943134e-12,26.52764196794392
GO:0016662,3,3.0143347165943134e-12,26.52764196794392
GO:0016661,6,6.028669433188627e-12,25.834494787383978
GO:0004197,1,1.0047782388647711e-12,27.626254256612032
GO:0008234,4,4.0191129554590846e-12,26.23995989549214
GO:0004175,3,3.0143347165943134e-12,26.52764196794392
GO:0008233,15,1.507167358297157e-11,24.918204055509822
GO:0035091,3,3.0143347165943134e-12,26.52764196794392
GO:0051861,3,3.0143347165943134e-12,26.52764196794392
GO:0005543,5,5.023891194323856e-12,26.016816344177933
GO:0097367,28,2.8133790688213592e-11,24.29404974643683
GO:0140597,22,2.2105121255024965e-11,24.535211803253716
GO:0140104,23,2.3109899493889738e-11,24.490760040682883
GO:0016889,7,7.033447672053398e-12,25.68034410755672
GO:0016894,7,7.033447672053398e-12,25.68034410755672
GO:0004536,61,6.129147257075104e-11,23.515380392438722
GO:0004519,108,1.0851604979739529e-10,22.944123029487812
GO:0140097,1205,1.2107577778320493e-09,20.532019410687276
GO:0120014,4,4.0191129554590846e-12,26.23995989549214
GO:0120013,9,9.04300414978294e-12,25.429029679275814
GO:0005548,4,4.0191129554590846e-12,26.23995989549214
GO:0005319,17,1.708123006070111e-11,24.793040912555817
GO:0030660,3,3.0143347165943134e-12,26.52764196794392
GO:0030662,3,3.0143347165943134e-12,26.52764196794392
GO:0030137,3,3.0143347165943134e-12,26.52764196794392
GO:0098588,28,2.8133790688213592e-11,24.29404974643683
GO:0030659,12,1.2057338866377254e-11,25.14134760682403
GO:0005798,6,6.028669433188627e-12,25.834494787383978
GO:0031090,272,2.732996809712178e-10,22.020452190316036
GO:0012506,35,3.516723836026699e-11,24.070906195122618
GO:0004672,176,1.7684097004019972e-10,22.455770261573882
GO:0016773,440,4.4210242510049934e-10,21.539479529699726
GO:0016301,440,4.4210242510049934e-10,21.539479529699726
GO:0016772,7699,7.735787661019874e-09,18.677408527333984
GO:0098791,16,1.6076451821836338e-11,24.85366553437225
GO:0031984,67,6.732014200393967e-11,23.421561637221068
GO:0022824,31,3.1148125404807904e-11,24.192267052126887
GO:0008066,23,2.3109899493889738e-11,24.490760040682883
GO:0005230,100,1.0047782388647712e-10,23.021084070623942
GO:0022835,88,8.842048502009986e-11,23.148917442133826
GO:0004888,436,4.3808331214504023e-10,21.548612013262996
GO:0015276,469,4.712409940275776e-10,21.475651488165752
GO:0030594,231,2.3210377317776215e-10,22.183836546090237
GO:0022834,3112,3.126869879347168e-09,19.58323337131375
GO:0038023,7437,7.472535762437303e-09,18.71203143590873
GO:0060089,81498,8.188741691100112e-08,16.317920497561488
GO:0000779,24,2.4114677732754508e-11,24.448200426264087
GO:0000775,24,2.4114677732754508e-11,24.448200426264087
GO:0015079,698,7.013352107276102e-10,21.078035153849658
GO:0099094,23,2.3109899493889738e-11,24.490760040682883
GO:0034061,167,1.677979658904168e-10,22.508260444195276
GO:0016779,1078,1.0831509414962233e-09,20.64339150514309
GO:0000323,78,7.837270263145215e-11,23.26954542992244
GO:0005773,194,1.9492697833976562e-10,22.358396097548702
GO:0044853,11,1.1052560627512483e-11,25.228358983813663
GO:0097733,2,2.0095564777295423e-12,26.93310707605209
GO:0097731,2,2.0095564777295423e-12,26.93310707605209
GO:0097730,2,2.0095564777295423e-12,26.93310707605209
GO:0036477,90,9.043004149782941e-11,23.126444586281767
GO:0043679,1,1.0047782388647711e-12,27.626254256612032
GO:0150034,4,4.0191129554590846e-12,26.23995989549214
GO:0044306,1,1.0047782388647711e-12,27.626254256612032
GO:0001217,3,3.0143347165943134e-12,26.52764196794392
GO:0048018,8,8.038225910918169e-12,25.546812714932198
GO:0030546,13,1.3062117105242025e-11,25.061304899150496
GO:0030545,18,1.808600829956588e-11,24.735882498715867
GO:0005126,11,1.1052560627512483e-11,25.228358983813663
GO:0140993,424,4.26025973278663e-10,21.576520801380074
GO:0061733,414,4.1597819089001526e-10,21.600388282786717
GO:0034212,1152,1.1575045311722164e-09,20.576999415356195
GO:0008080,2952,2.9661053611288044e-09,19.63601607089167
GO:0016410,7102,7.135935052417605e-09,18.758122543109
GO:0016891,13,1.3062117105242025e-11,25.061304899150496
GO:0004549,13,1.3062117105242025e-11,25.061304899150496
GO:0004521,14,1.4066895344106796e-11,24.987196926996774
GO:0016893,13,1.3062117105242025e-11,25.061304899150496
GO:0140101,16,1.6076451821836338e-11,24.85366553437225
GO:0016884,4,4.0191129554590846e-12,26.23995989549214
GO:0016879,7,7.033447672053398e-12,25.68034410755672
GO:0016874,58,5.827713785415673e-11,23.565811246065614
GO:0004930,2,2.0095564777295423e-12,26.93310707605209
GO:0140657,759,7.626266832983614e-10,20.994252479216403
GO:0015252,27,2.7129012449348823e-11,24.330417390607703
GO:0031256,15,1.507167358297157e-11,24.918204055509822
GO:0031253,15,1.507167358297157e-11,24.918204055509822
GO:0015108,85,8.540615030350555e-11,23.183603000121717
GO:0008509,544,5.465993619424356e-10,21.32730500975609
GO:0015103,166,1.66793187651552e-10,22.51426646825549
GO:0043021,8,8.038225910918169e-12,25.546812714932198
GO:0031490,16,1.6076451821836338e-11,24.85366553437225
GO:0003682,58,5.827713785415673e-11,23.565811246065614
GO:0022884,6,6.028669433188627e-12,25.834494787383978
GO:0140318,6,6.028669433188627e-12,25.834494787383978
GO:0140312,5,5.023891194323856e-12,26.016816344177933
GO:0010484,6,6.028669433188627e-12,25.834494787383978
GO:0042175,17,1.708123006070111e-11,24.793040912555817
GO:0098827,18,1.808600829956588e-11,24.735882498715867
GO:0097447,33,3.315768188253745e-11,24.129746695145553
GO:0019207,3,3.0143347165943134e-12,26.52764196794392
GO:0016783,4,4.0191129554590846e-12,26.23995989549214
GO:0016782,4,4.0191129554590846e-12,26.23995989549214
GO:0016675,5,5.023891194323856e-12,26.016816344177933
GO:0004714,1,1.0047782388647711e-12,27.626254256612032
GO:0019199,33,3.315768188253745e-11,24.129746695145553
GO:0004713,1,1.0047782388647711e-12,27.626254256612032
GO:0098858,3,3.0143347165943134e-12,26.52764196794392
GO:0140375,268,2.6928056801575866e-10,22.035267276101177
GO:0050997,2,2.0095564777295423e-12,26.93310707605209
GO:0043169,7,7.033447672053398e-12,25.68034410755672
GO:0036094,286,2.8736657631532456e-10,21.97026244579218
GO:0043167,44,4.421024251004993e-11,23.842064622693773
GO:0005539,2,2.0095564777295423e-12,26.93310707605209
GO:0120015,5,5.023891194323856e-12,26.016816344177933
GO:0098960,11,1.1052560627512483e-11,25.228358983813663
GO:1904315,5,5.023891194323856e-12,26.016816344177933
GO:0005231,6,6.028669433188627e-12,25.834494787383978
GO:0099529,5,5.023891194323856e-12,26.016816344177933
GO:0050664,2,2.0095564777295423e-12,26.93310707605209
GO:0004576,3,3.0143347165943134e-12,26.52764196794392
GO:0016758,20,2.0095564777295423e-11,24.630521983058042
GO:0016757,118,1.18563832186043e-10,22.855569632146366
GO:0019956,5,5.023891194323856e-12,26.016816344177933
GO:0019955,20,2.0095564777295423e-11,24.630521983058042
GO:0005520,3,3.0143347165943134e-12,26.52764196794392
GO:0070851,7,7.033447672053398e-12,25.68034410755672
GO:0050840,1,1.0047782388647711e-12,27.626254256612032
GO:0019901,1,1.0047782388647711e-12,27.626254256612032
GO:0019900,1,1.0047782388647711e-12,27.626254256612032
GO:0019899,9,9.04300414978294e-12,25.429029679275814
GO:0016234,1,1.0047782388647711e-12,27.626254256612032
GO:0031545,1,1.0047782388647711e-12,27.626254256612032
GO:0019798,1,1.0047782388647711e-12,27.626254256612032
GO:0031543,2,2.0095564777295423e-12,26.93310707605209
GO:0016706,3,3.0143347165943134e-12,26.52764196794392
GO:0051213,5,5.023891194323856e-12,26.016816344177933
GO:0016705,5,5.023891194323856e-12,26.016816344177933
GO:0016624,8,8.038225910918169e-12,25.546812714932198
GO:0008236,2,2.0095564777295423e-12,26.93310707605209
GO:0017171,2,2.0095564777295423e-12,26.93310707605209
GO:0004386,133,1.3363550576901456e-10,22.73590512839028
GO:0098576,3,3.0143347165943134e-12,26.52764196794392
GO:0098852,6,6.028669433188627e-12,25.834494787383978
GO:0005774,9,9.04300414978294e-12,25.429029679275814
GO:0097014,10,1.0047782388647711e-11,25.323669163617986
GO:0032838,14,1.4066895344106796e-11,24.987196926996774
GO:0099568,18,1.808600829956588e-11,24.735882498715867
GO:0042162,2,2.0095564777295423e-12,26.93310707605209
GO:0016835,1,1.0047782388647711e-12,27.626254256612032
GO:0016829,1,1.0047782388647711e-12,27.626254256612032
GO:1901338,1,1.0047782388647711e-12,27.626254256612032
GO:0099095,4,4.0191129554590846e-12,26.23995989549214
GO:0031966,7,7.033447672053398e-12,25.68034410755672
GO:0031968,1,1.0047782388647711e-12,27.626254256612032
GO:0005740,11,1.1052560627512483e-11,25.228358983813663
GO:0019867,1,1.0047782388647711e-12,27.626254256612032
GO:0045111,38,3.818157307686131e-11,23.988668096885647
GO:0008443,1,1.0047782388647711e-12,27.626254256612032
GO:0019200,1,1.0047782388647711e-12,27.626254256612032
GO:0042583,2,2.0095564777295423e-12,26.93310707605209
GO:0030667,3,3.0143347165943134e-12,26.52764196794392
GO:0099503,29,2.9138568927078365e-11,24.258958426625558
GO:0032356,5,5.023891194323856e-12,26.016816344177933
GO:0032135,14,1.4066895344106796e-11,24.987196926996774
GO:0032138,5,5.023891194323856e-12,26.016816344177933
GO:0035064,2,2.0095564777295423e-12,26.93310707605209
GO:0140034,2,2.0095564777295423e-12,26.93310707605209
GO:0140030,2,2.0095564777295423e-12,26.93310707605209
GO:0005791,1,1.0047782388647711e-12,27.626254256612032
GO:0034062,104,1.044969368419362e-10,22.981863357470658
GO:0097747,242,2.4315633380527463e-10,22.137316530455347
GO:0004675,11,1.1052560627512483e-11,25.228358983813663
GO:0098531,2,2.0095564777295423e-12,26.93310707605209
GO:0035639,5,5.023891194323856e-12,26.016816344177933
GO:0032559,8,8.038225910918169e-12,25.546812714932198
GO:1901265,89,8.942526325896464e-11,23.13761788687989
GO:1901363,89,8.942526325896464e-11,23.13761788687989
GO:0043168,9,9.04300414978294e-12,25.429029679275814
GO:0032555,13,1.3062117105242025e-11,25.061304899150496
GO:0030554,13,1.3062117105242025e-11,25.061304899150496
GO:0017076,36,3.617201659913176e-11,24.042735318155923
GO:0032553,18,1.808600829956588e-11,24.735882498715867
GO:0000166,69,6.932969848166921e-11,23.392147752014772
GO:0044352,1,1.0047782388647711e-12,27.626254256612032
GO:0016627,1,1.0047782388647711e-12,27.626254256612032
GO:0003774,5,5.023891194323856e-12,26.016816344177933
GO:0009925,2,2.0095564777295423e-12,26.93310707605209
GO:0045178,2,2.0095564777295423e-12,26.93310707605209
GO:0017111,6,6.028669433188627e-12,25.834494787383978
GO:0016462,10,1.0047782388647711e-11,25.323669163617986
GO:0016818,14,1.4066895344106796e-11,24.987196926996774
GO:0016817,18,1.808600829956588e-11,24.735882498715867
GO:0005272,3,3.0143347165943134e-12,26.52764196794392
GO:0015081,3,3.0143347165943134e-12,26.52764196794392
GO:0031091,1,1.0047782388647711e-12,27.626254256612032
GO:0032404,4,4.0191129554590846e-12,26.23995989549214
GO:0046872,2,2.0095564777295423e-12,26.93310707605209
GO:0016597,1,1.0047782388647711e-12,27.626254256612032
GO:0031406,1,1.0047782388647711e-12,27.626254256612032
GO:0043177,1,1.0047782388647711e-12,27.626254256612032
GO:0005237,1,1.0047782388647711e-12,27.626254256612032
GO:0016933,1,1.0047782388647711e-12,27.626254256612032
GO:0016881,1,1.0047782388647711e-12,27.626254256612032
GO:0008318,10,1.0047782388647711e-11,25.323669163617986
GO:0016765,100,1.0047782388647712e-10,23.021084070623942
GO:0004661,4,4.0191129554590846e-12,26.23995989549214
GO:0071782,1,1.0047782388647711e-12,27.626254256612032
GO:0030427,3,3.0143347165943134e-12,26.52764196794392
GO:0001163,3,3.0143347165943134e-12,26.52764196794392
GO:0030017,9,9.04300414978294e-12,25.429029679275814
GO:0030016,23,2.3109899493889738e-11,24.490760040682883
GO:0043292,48,4.8229355465509015e-11,23.75505324570414
GO:0008194,17,1.708123006070111e-11,24.793040912555817
GO:0032153,5,5.023891194323856e-12,26.016816344177933
GO:0140142,1,1.0047782388647711e-12,27.626254256612032
GO:0048763,1,1.0047782388647711e-12,27.626254256612032
GO:0015278,1,1.0047782388647711e-12,27.626254256612032
GO:0099604,1,1.0047782388647711e-12,27.626254256612032
GO:0005217,1,1.0047782388647711e-12,27.626254256612032
GO:0016209,11,1.1052560627512483e-11,25.228358983813663
GO:0016684,11,1.1052560627512483e-11,25.228358983813663
GO:0008483,1,1.0047782388647711e-12,27.626254256612032
GO:0016769,1,1.0047782388647711e-12,27.626254256612032
GO:0030133,6,6.028669433188627e-12,25.834494787383978
GO:0052689,1,1.0047782388647711e-12,27.626254256612032
GO:0004620,1,1.0047782388647711e-12,27.626254256612032
GO:0016298,1,1.0047782388647711e-12,27.626254256612032
GO:0070160,3,3.0143347165943134e-12,26.52764196794392
GO:0032982,1,1.0047782388647711e-12,27.626254256612032
GO:0036379,1,1.0047782388647711e-12,27.626254256612032
GO:0051020,6,6.028669433188627e-12,25.834494787383978
GO:0008641,5,5.023891194323856e-12,26.016816344177933
GO:0016877,7,7.033447672053398e-12,25.68034410755672
GO:0003777,2,2.0095564777295423e-12,26.93310707605209
GO:0016791,2,2.0095564777295423e-12,26.93310707605209
GO:0042578,2,2.0095564777295423e-12,26.93310707605209
GO:0000803,2,2.0095564777295423e-12,26.93310707605209
GO:0099086,3,3.0143347165943134e-12,26.52764196794392
GO:0000794,3,3.0143347165943134e-12,26.52764196794392
GO:0101005,3,3.0143347165943134e-12,26.52764196794392
GO:0019783,3,3.0143347165943134e-12,26.52764196794392
GO:0019866,6,6.028669433188627e-12,25.834494787383978
GO:0052742,1,1.0047782388647711e-12,27.626254256612032
GO:0001727,1,1.0047782388647711e-12,27.626254256612032
GO:0043175,2,2.0095564777295423e-12,26.93310707605209
GO:0001099,3,3.0143347165943134e-12,26.52764196794392
GO:0070063,2,2.0095564777295423e-12,26.93310707605209
GO:0001098,5,5.023891194323856e-12,26.016816344177933
GO:0031672,2,2.0095564777295423e-12,26.93310707605209
GO:0036464,1,1.0047782388647711e-12,27.626254256612032
GO:0035770,1,1.0047782388647711e-12,27.626254256612032
GO:0016811,4,4.0191129554590846e-12,26.23995989549214
GO:0033558,4,4.0191129554590846e-12,26.23995989549214
GO:0016810,6,6.028669433188627e-12,25.834494787383978
GO:0019213,4,4.0191129554590846e-12,26.23995989549214
GO:0061673,1,1.0047782388647711e-12,27.626254256612032
GO:0000235,1,1.0047782388647711e-12,27.626254256612032
GO:0005818,1,1.0047782388647711e-12,27.626254256612032
GO:0005879,1,1.0047782388647711e-12,27.626254256612032
GO:0097545,1,1.0047782388647711e-12,27.626254256612032
GO:0061659,11,1.1052560627512483e-11,25.228358983813663
GO:0016279,2,2.0095564777295423e-12,26.93310707605209
GO:0140938,2,2.0095564777295423e-12,26.93310707605209
GO:0016278,3,3.0143347165943134e-12,26.52764196794392
GO:0008276,7,7.033447672053398e-12,25.68034410755672
GO:0042054,3,3.0143347165943134e-12,26.52764196794392
GO:0008170,4,4.0191129554590846e-12,26.23995989549214
GO:0008757,4,4.0191129554590846e-12,26.23995989549214
GO:0008168,28,2.8133790688213592e-11,24.29404974643683
GO:0016741,63,6.330102904848059e-11,23.4831195302205
GO:0015020,1,1.0047782388647711e-12,27.626254256612032
GO:0016421,9,9.04300414978294e-12,25.429029679275814
GO:0016885,9,9.04300414978294e-12,25.429029679275814
GO:0003712,3,3.0143347165943134e-12,26.52764196794392
GO:0032454,1,1.0047782388647711e-12,27.626254256612032
GO:0141052,1,1.0047782388647711e-12,27.626254256612032
GO:0032452,1,1.0047782388647711e-12,27.626254256612032
GO:0140457,1,1.0047782388647711e-12,27.626254256612032
GO:0032451,1,1.0047782388647711e-12,27.626254256612032
GO:0036056,1,1.0047782388647711e-12,27.626254256612032
GO:0015271,5,5.023891194323856e-12,26.016816344177933
GO:0061980,4,4.0191129554590846e-12,26.23995989549214
GO:0032589,4,4.0191129554590846e-12,26.23995989549214
GO:0044304,1,1.0047782388647711e-12,27.626254256612032
GO:0042579,1,1.0047782388647711e-12,27.626254256612032
GO:0000992,2,2.0095564777295423e-12,26.93310707605209
GO:0001016,3,3.0143347165943134e-12,26.52764196794392
GO:0080084,1,1.0047782388647711e-12,27.626254256612032
GO:0000182,1,1.0047782388647711e-12,27.626254256612032
GO:0044298,1,1.0047782388647711e-12,27.626254256612032
GO:0044309,2,2.0095564777295423e-12,26.93310707605209
GO:0008251,1,1.0047782388647711e-12,27.626254256612032
GO:0004000,1,1.0047782388647711e-12,27.626254256612032
GO:0019239,1,1.0047782388647711e-12,27.626254256612032
GO:0016814,1,1.0047782388647711e-12,27.626254256612032
GO:0001091,1,1.0047782388647711e-12,27.626254256612032
GO:0140296,1,1.0047782388647711e-12,27.626254256612032
GO:0008134,1,1.0047782388647711e-12,27.626254256612032
GO:0140135,2,2.0095564777295423e-12,26.93310707605209
GO:0008381,2,2.0095564777295423e-12,26.93310707605209
GO:0015631,12,1.2057338866377254e-11,25.14134760682403
GO:0036002,1,1.0047782388647711e-12,27.626254256612032
GO:0016679,1,1.0047782388647711e-12,27.626254256612032
GO:0004812,1,1.0047782388647711e-12,27.626254256612032
GO:0016875,1,1.0047782388647711e-12,27.626254256612032
